<addon id="repository.tcp.repo" name="[COLOR blue]TCP-ADDONS Repository[/COLOR]" version="1.0.1" provider-name="Loki1979|Litti19928">
    <extension point="xbmc.addon.repository" name="HSK-TCP-Addons-Repository">
        
		<dir minversion="18.0.0" maxversion="18.9.0">
            <info>https://hsk.kodiman.net/hsk/hsk_repos/hsk.tcp.repo/addons.xml</info>
            <checksum>https://hsk.kodiman.net/hsk/hsk_repos/hsk.tcp.repo/addons.xml.md5</checksum>
            <datadir>https://hsk.kodiman.net/hsk/hsk_repos/hsk.tcp.repo</datadir>
        </dir>
		<dir minversion="19.0.0" maxversion="19.5.0">
            <info>https://hsk.kodiman.net/hsk/hsk_repos/hsk.tcp.repo/addons.xml</info>
            <checksum>https://hsk.kodiman.net/hsk/hsk_repos/hsk.tcp.repo/addons.xml.md5</checksum>
            <datadir>https://hsk.kodiman.net/hsk/hsk_repos/hsk.tcp.repo</datadir>
        </dir>
		<dir minversion="20.0.0" maxversion="21.9.0">
            <info>https://hsk.kodiman.net/hsk/hsk_repos/hsk.tcp.repo/addons.xml</info>
            <checksum>https://hsk.kodiman.net/hsk/hsk_repos/hsk.tcp.repo/addons.xml.md5</checksum>
            <datadir>https://hsk.kodiman.net/hsk/hsk_repos/hsk.tcp.repo</datadir>
        </dir>
    </extension>
    <extension point="xbmc.addon.metadata">
        <summary lang="de_DE">[COLOR blue]Tcp-Addons Verfügbarkeit für alle kodi versionen[/COLOR]</summary>
        <description lang="de_DE">Downloade und installiere Addons aus dem TCP Repository[CR][CR]Kontakt + Support:[CR][COLORblue]https://www.facebook.com/groups/hskde[/COLOR][CR]Spenden-Link:[CR][COLORblue]https://ko-fi.com/kodimanhimself/goal?g=0[/COLOR]</description>
        <disclaimer></disclaimer>
        <language></language>
        <platform>all</platform>
        <license></license>
        <forum></forum>
        <website></website>
        <email></email>
        <source></source>
        <news></news>
        <assets>
            <icon>resources/icon.png</icon>
            <fanart>resources/fanart.jpg</fanart>
            <banner></banner>
            <clearlogo></clearlogo>
            <screenshot></screenshot>
        </assets>
    </extension>
</addon>
