<?xml version="1.0" encoding="UTF-8" standalone="yes"?>
<addon id="plugin.program.haller-wizard20-32Bit" name="[B][COLOR darkcyan]Haller [/COLOR]Wizard Nexus[/B]" version="20.1" provider-name="Haller Wizard Nexus">
    <requires>
        <import addon="xbmc.python" version="3.0.0" />
        <import addon="script.module.requests" />
        <import addon="script.module.six" />
        <import addon="script.kodi.android.update" optional="true" version="1.3.2" />
    </requires>
    
    <extension point="xbmc.python.pluginsource" library="default.py">
        <provides>executable</provides>
    </extension>
    
    <extension point="xbmc.service" library="startup.py" start="startup" />
    
    <extension point="xbmc.addon.metadata">
        <summary lang="en">[COLOR darkcyan]Haller [/COLOR]Wizard Nexus</summary>
        <description lang="en">[COLOR darkcyan]Haller [/COLOR]Wizard Nexus bietet jede Menge Wartungs - und Backupfunktionen und Auto-Buildinstallationen.</description>
        <platform>all</platform>
        <reuselanguageinvoker>false</reuselanguageinvoker>
        <source></source>
        <news>
		</news>
        <assets>
            <icon>icon.png</icon>
            <fanart>fanart.jpg</fanart>
        </assets>
    </extension>
</addon>
