<?xml version="1.0" encoding="UTF-8"?>
<window>
    <defaultcontrol>201</defaultcontrol>
    <coordinates>
        <left>60</left>
        <top>55</top>
    </coordinates>
    
    <controls>
        <control type="group">
            <control type="image">
                <left>0</left>
                <top>0</top>
                <width>1800</width>
                <height>940</height>
                <texture border="6">Background/ContentPanel.png</texture>
            </control>
            <control type="image" id="101">
                <left>670</left>
                <top>240</top>
                <width>520</width>
                <height>520</height>
            </control>
            <control type="label" id="102">
                <description>header label</description>
                <posx>20</posx>
                <posy>20</posy>
                <width>1760</width>
                <height>40</height>
                <font>font14</font>
                <label></label>
                <align>center</align>
                <aligny>center</aligny>
            </control>
            <control type="textbox" id="103">
                <left>20</left>
                <top>70</top>
                <width>1760</width>
                <height>230</height>
                <font>font14</font>
                <align>center</align>
                <aligny>top</aligny>
            </control>
        </control>
        <control type="group">
            <control type="button" id="201">
                <left>600</left>
                <top>800</top>
                <width>320</width>
                <height>70</height>
                <font>font13</font>
                <textcolor>FFF0F0F0</textcolor>
                <label>Build Menu</label>
                <align>center</align>
                <aligny>center</aligny>
                <texturefocus colordiffuse="FF12B2E7">Button/testbuttonfo.png</texturefocus>
                <texturenofocus>Button/testbuttonnf.png</texturenofocus>
                <onleft>202</onleft>
                <onright>202</onright>
            </control>
            <control type="button" id="202">
                <left>930</left>
                <top>800</top>
                <width>320</width>
                <height>70</height>
                <font>font13</font>
                <textcolor>FFF0F0F0</textcolor>
                <textoffsetx>20</textoffsetx>
                <label>Close</label>
                <align>center</align>
                <aligny>center</aligny>
                <texturefocus colordiffuse="FF12B2E7">Button/testbuttonfo.png</texturefocus>
                <texturenofocus>Button/testbuttonnf.png</texturenofocus>
                <onleft>201</onleft>
                <onright>201</onright>
            </control>
        </control>
    </controls>
</window>
